chunk_uid,source,page,chunk_id,text_length
Young_Statistical_2025.pdf::p2::c0,Young_Statistical_2025.pdf,2,0,325
Young_Statistical_2025.pdf::p3::c0,Young_Statistical_2025.pdf,3,0,779
Young_Statistical_2025.pdf::p3::c1,Young_Statistical_2025.pdf,3,1,172
Young_Statistical_2025.pdf::p4::c0,Young_Statistical_2025.pdf,4,0,618
Young_Statistical_2025.pdf::p4::c1,Young_Statistical_2025.pdf,4,1,900
Young_Statistical_2025.pdf::p4::c2,Young_Statistical_2025.pdf,4,2,200
Young_Statistical_2025.pdf::p5::c0,Young_Statistical_2025.pdf,5,0,538
Young_Statistical_2025.pdf::p5::c1,Young_Statistical_2025.pdf,5,1,899
Young_Statistical_2025.pdf::p5::c2,Young_Statistical_2025.pdf,5,2,723
Young_Statistical_2025.pdf::p6::c0,Young_Statistical_2025.pdf,6,0,584
Young_Statistical_2025.pdf::p6::c1,Young_Statistical_2025.pdf,6,1,880
Young_Statistical_2025.pdf::p6::c2,Young_Statistical_2025.pdf,6,2,494
Young_Statistical_2025.pdf::p7::c0,Young_Statistical_2025.pdf,7,0,831
Young_Statistical_2025.pdf::p7::c1,Young_Statistical_2025.pdf,7,1,411
Young_Statistical_2025.pdf::p7::c2,Young_Statistical_2025.pdf,7,2,773
Young_Statistical_2025.pdf::p7::c3,Young_Statistical_2025.pdf,7,3,441
Young_Statistical_2025.pdf::p8::c0,Young_Statistical_2025.pdf,8,0,680
Young_Statistical_2025.pdf::p8::c1,Young_Statistical_2025.pdf,8,1,711
Young_Statistical_2025.pdf::p9::c0,Young_Statistical_2025.pdf,9,0,819
Young_Statistical_2025.pdf::p9::c1,Young_Statistical_2025.pdf,9,1,648
Young_Statistical_2025.pdf::p9::c2,Young_Statistical_2025.pdf,9,2,523
Young_Statistical_2025.pdf::p10::c0,Young_Statistical_2025.pdf,10,0,801
Young_Statistical_2025.pdf::p10::c1,Young_Statistical_2025.pdf,10,1,845
Young_Statistical_2025.pdf::p10::c2,Young_Statistical_2025.pdf,10,2,425
Young_Statistical_2025.pdf::p11::c0,Young_Statistical_2025.pdf,11,0,824
Young_Statistical_2025.pdf::p11::c1,Young_Statistical_2025.pdf,11,1,900
Young_Statistical_2025.pdf::p11::c2,Young_Statistical_2025.pdf,11,2,192
Young_Statistical_2025.pdf::p11::c3,Young_Statistical_2025.pdf,11,3,464
Young_Statistical_2025.pdf::p12::c0,Young_Statistical_2025.pdf,12,0,723
Young_Statistical_2025.pdf::p15::c0,Young_Statistical_2025.pdf,15,0,451
Young_Statistical_2025.pdf::p16::c0,Young_Statistical_2025.pdf,16,0,637
Young_Statistical_2025.pdf::p17::c0,Young_Statistical_2025.pdf,17,0,378
Young_Statistical_2025.pdf::p18::c0,Young_Statistical_2025.pdf,18,0,628
Young_Statistical_2025.pdf::p19::c0,Young_Statistical_2025.pdf,19,0,502
Young_Statistical_2025.pdf::p20::c0,Young_Statistical_2025.pdf,20,0,699
Young_Statistical_2025.pdf::p21::c0,Young_Statistical_2025.pdf,21,0,616
Young_Statistical_2025.pdf::p22::c0,Young_Statistical_2025.pdf,22,0,750
Young_Statistical_2025.pdf::p23::c0,Young_Statistical_2025.pdf,23,0,781
Young_Statistical_2025.pdf::p24::c0,Young_Statistical_2025.pdf,24,0,344
Young_Statistical_2025.pdf::p25::c0,Young_Statistical_2025.pdf,25,0,330
Young_Statistical_2025.pdf::p26::c0,Young_Statistical_2025.pdf,26,0,386
Young_Statistical_2025.pdf::p27::c0,Young_Statistical_2025.pdf,27,0,531
Young_Statistical_2025.pdf::p28::c0,Young_Statistical_2025.pdf,28,0,437
Young_Statistical_2025.pdf::p29::c0,Young_Statistical_2025.pdf,29,0,317
Young_Statistical_2025.pdf::p30::c0,Young_Statistical_2025.pdf,30,0,605
Young_Statistical_2025.pdf::p31::c0,Young_Statistical_2025.pdf,31,0,228
Young_Statistical_2025.pdf::p32::c0,Young_Statistical_2025.pdf,32,0,325
Young_Statistical_2025.pdf::p33::c0,Young_Statistical_2025.pdf,33,0,123
Young_Statistical_2025.pdf::p34::c0,Young_Statistical_2025.pdf,34,0,150
Young_Statistical_2025.pdf::p35::c0,Young_Statistical_2025.pdf,35,0,899
Young_Statistical_2025.pdf::p35::c1,Young_Statistical_2025.pdf,35,1,212
Young_Statistical_2025.pdf::p36::c0,Young_Statistical_2025.pdf,36,0,892
Young_Statistical_2025.pdf::p36::c1,Young_Statistical_2025.pdf,36,1,316
Young_Statistical_2025.pdf::p37::c0,Young_Statistical_2025.pdf,37,0,769
Young_Statistical_2025.pdf::p38::c0,Young_Statistical_2025.pdf,38,0,898
Young_Statistical_2025.pdf::p38::c1,Young_Statistical_2025.pdf,38,1,218
Young_Statistical_2025.pdf::p39::c0,Young_Statistical_2025.pdf,39,0,900
Young_Statistical_2025.pdf::p39::c1,Young_Statistical_2025.pdf,39,1,678
Young_Statistical_2025.pdf::p40::c0,Young_Statistical_2025.pdf,40,0,898
Young_Statistical_2025.pdf::p40::c1,Young_Statistical_2025.pdf,40,1,174
Young_Statistical_2025.pdf::p41::c0,Young_Statistical_2025.pdf,41,0,894
Young_Statistical_2025.pdf::p41::c1,Young_Statistical_2025.pdf,41,1,248
Young_Statistical_2025.pdf::p42::c0,Young_Statistical_2025.pdf,42,0,896
Young_Statistical_2025.pdf::p42::c1,Young_Statistical_2025.pdf,42,1,523
Young_Statistical_2025.pdf::p43::c0,Young_Statistical_2025.pdf,43,0,899
Young_Statistical_2025.pdf::p43::c1,Young_Statistical_2025.pdf,43,1,307
Young_Statistical_2025.pdf::p44::c0,Young_Statistical_2025.pdf,44,0,770
Young_Statistical_2025.pdf::p45::c0,Young_Statistical_2025.pdf,45,0,897
Young_Statistical_2025.pdf::p45::c1,Young_Statistical_2025.pdf,45,1,402
Young_Statistical_2025.pdf::p46::c0,Young_Statistical_2025.pdf,46,0,894
Young_Statistical_2025.pdf::p46::c1,Young_Statistical_2025.pdf,46,1,315
Young_Statistical_2025.pdf::p47::c0,Young_Statistical_2025.pdf,47,0,899
Young_Statistical_2025.pdf::p47::c1,Young_Statistical_2025.pdf,47,1,182
Young_Statistical_2025.pdf::p48::c0,Young_Statistical_2025.pdf,48,0,739
Young_Statistical_2025.pdf::p49::c0,Young_Statistical_2025.pdf,49,0,717
Young_Statistical_2025.pdf::p50::c0,Young_Statistical_2025.pdf,50,0,546
Young_Statistical_2025.pdf::p51::c0,Young_Statistical_2025.pdf,51,0,555
Young_Statistical_2025.pdf::p51::c1,Young_Statistical_2025.pdf,51,1,896
Young_Statistical_2025.pdf::p51::c2,Young_Statistical_2025.pdf,51,2,354
Young_Statistical_2025.pdf::p51::c3,Young_Statistical_2025.pdf,51,3,259
Young_Statistical_2025.pdf::p52::c0,Young_Statistical_2025.pdf,52,0,599
Young_Statistical_2025.pdf::p52::c1,Young_Statistical_2025.pdf,52,1,696
Young_Statistical_2025.pdf::p52::c2,Young_Statistical_2025.pdf,52,2,716
Young_Statistical_2025.pdf::p53::c0,Young_Statistical_2025.pdf,53,0,607
Young_Statistical_2025.pdf::p53::c1,Young_Statistical_2025.pdf,53,1,711
Young_Statistical_2025.pdf::p53::c2,Young_Statistical_2025.pdf,53,2,458
Young_Statistical_2025.pdf::p53::c3,Young_Statistical_2025.pdf,53,3,554
Young_Statistical_2025.pdf::p54::c0,Young_Statistical_2025.pdf,54,0,809
Young_Statistical_2025.pdf::p54::c1,Young_Statistical_2025.pdf,54,1,744
Young_Statistical_2025.pdf::p55::c0,Young_Statistical_2025.pdf,55,0,796
Young_Statistical_2025.pdf::p56::c0,Young_Statistical_2025.pdf,56,0,840
Young_Statistical_2025.pdf::p57::c0,Young_Statistical_2025.pdf,57,0,855
Young_Statistical_2025.pdf::p57::c1,Young_Statistical_2025.pdf,57,1,473
Young_Statistical_2025.pdf::p58::c0,Young_Statistical_2025.pdf,58,0,899
Young_Statistical_2025.pdf::p59::c0,Young_Statistical_2025.pdf,59,0,261
Young_Statistical_2025.pdf::p59::c1,Young_Statistical_2025.pdf,59,1,896
Young_Statistical_2025.pdf::p59::c2,Young_Statistical_2025.pdf,59,2,228
Young_Statistical_2025.pdf::p60::c0,Young_Statistical_2025.pdf,60,0,875
Young_Statistical_2025.pdf::p60::c1,Young_Statistical_2025.pdf,60,1,705
Young_Statistical_2025.pdf::p61::c0,Young_Statistical_2025.pdf,61,0,870
Young_Statistical_2025.pdf::p62::c0,Young_Statistical_2025.pdf,62,0,605
Young_Statistical_2025.pdf::p62::c1,Young_Statistical_2025.pdf,62,1,524
Young_Statistical_2025.pdf::p63::c0,Young_Statistical_2025.pdf,63,0,852
Young_Statistical_2025.pdf::p63::c1,Young_Statistical_2025.pdf,63,1,265
Young_Statistical_2025.pdf::p64::c0,Young_Statistical_2025.pdf,64,0,468
Young_Statistical_2025.pdf::p64::c1,Young_Statistical_2025.pdf,64,1,807
Young_Statistical_2025.pdf::p65::c0,Young_Statistical_2025.pdf,65,0,876
Young_Statistical_2025.pdf::p65::c1,Young_Statistical_2025.pdf,65,1,687
Young_Statistical_2025.pdf::p66::c0,Young_Statistical_2025.pdf,66,0,291
Young_Statistical_2025.pdf::p66::c1,Young_Statistical_2025.pdf,66,1,898
Young_Statistical_2025.pdf::p67::c0,Young_Statistical_2025.pdf,67,0,722
Young_Statistical_2025.pdf::p68::c0,Young_Statistical_2025.pdf,68,0,816
Young_Statistical_2025.pdf::p69::c0,Young_Statistical_2025.pdf,69,0,899
Young_Statistical_2025.pdf::p69::c1,Young_Statistical_2025.pdf,69,1,376
Young_Statistical_2025.pdf::p70::c0,Young_Statistical_2025.pdf,70,0,898
Young_Statistical_2025.pdf::p70::c1,Young_Statistical_2025.pdf,70,1,465
Young_Statistical_2025.pdf::p71::c0,Young_Statistical_2025.pdf,71,0,526
Young_Statistical_2025.pdf::p71::c1,Young_Statistical_2025.pdf,71,1,877
Young_Statistical_2025.pdf::p72::c0,Young_Statistical_2025.pdf,72,0,900
Young_Statistical_2025.pdf::p72::c1,Young_Statistical_2025.pdf,72,1,348
Young_Statistical_2025.pdf::p73::c0,Young_Statistical_2025.pdf,73,0,899
Young_Statistical_2025.pdf::p73::c1,Young_Statistical_2025.pdf,73,1,678
Young_Statistical_2025.pdf::p74::c0,Young_Statistical_2025.pdf,74,0,584
Young_Statistical_2025.pdf::p75::c0,Young_Statistical_2025.pdf,75,0,897
Young_Statistical_2025.pdf::p75::c1,Young_Statistical_2025.pdf,75,1,567
Young_Statistical_2025.pdf::p76::c0,Young_Statistical_2025.pdf,76,0,894
Young_Statistical_2025.pdf::p76::c1,Young_Statistical_2025.pdf,76,1,449
Young_Statistical_2025.pdf::p77::c0,Young_Statistical_2025.pdf,77,0,878
Young_Statistical_2025.pdf::p77::c1,Young_Statistical_2025.pdf,77,1,641
Young_Statistical_2025.pdf::p77::c2,Young_Statistical_2025.pdf,77,2,132
Young_Statistical_2025.pdf::p78::c0,Young_Statistical_2025.pdf,78,0,791
Young_Statistical_2025.pdf::p79::c0,Young_Statistical_2025.pdf,79,0,898
Young_Statistical_2025.pdf::p79::c1,Young_Statistical_2025.pdf,79,1,599
Young_Statistical_2025.pdf::p80::c0,Young_Statistical_2025.pdf,80,0,895
Young_Statistical_2025.pdf::p80::c1,Young_Statistical_2025.pdf,80,1,495
Young_Statistical_2025.pdf::p81::c0,Young_Statistical_2025.pdf,81,0,895
Young_Statistical_2025.pdf::p81::c1,Young_Statistical_2025.pdf,81,1,259
Young_Statistical_2025.pdf::p82::c0,Young_Statistical_2025.pdf,82,0,893
Young_Statistical_2025.pdf::p82::c1,Young_Statistical_2025.pdf,82,1,453
Young_Statistical_2025.pdf::p83::c0,Young_Statistical_2025.pdf,83,0,894
Young_Statistical_2025.pdf::p83::c1,Young_Statistical_2025.pdf,83,1,661
Young_Statistical_2025.pdf::p84::c0,Young_Statistical_2025.pdf,84,0,693
Young_Statistical_2025.pdf::p85::c0,Young_Statistical_2025.pdf,85,0,437
Young_Statistical_2025.pdf::p86::c0,Young_Statistical_2025.pdf,86,0,817
Young_Statistical_2025.pdf::p87::c0,Young_Statistical_2025.pdf,87,0,405
Young_Statistical_2025.pdf::p87::c1,Young_Statistical_2025.pdf,87,1,899
Young_Statistical_2025.pdf::p87::c2,Young_Statistical_2025.pdf,87,2,594
Young_Statistical_2025.pdf::p88::c0,Young_Statistical_2025.pdf,88,0,864
Young_Statistical_2025.pdf::p88::c1,Young_Statistical_2025.pdf,88,1,870
Young_Statistical_2025.pdf::p88::c2,Young_Statistical_2025.pdf,88,2,203
Young_Statistical_2025.pdf::p89::c0,Young_Statistical_2025.pdf,89,0,542
Young_Statistical_2025.pdf::p90::c0,Young_Statistical_2025.pdf,90,0,814
Young_Statistical_2025.pdf::p91::c0,Young_Statistical_2025.pdf,91,0,879
Young_Statistical_2025.pdf::p92::c0,Young_Statistical_2025.pdf,92,0,562
Young_Statistical_2025.pdf::p92::c1,Young_Statistical_2025.pdf,92,1,550
Young_Statistical_2025.pdf::p93::c0,Young_Statistical_2025.pdf,93,0,483
Young_Statistical_2025.pdf::p93::c1,Young_Statistical_2025.pdf,93,1,670
Young_Statistical_2025.pdf::p94::c0,Young_Statistical_2025.pdf,94,0,532
Young_Statistical_2025.pdf::p95::c0,Young_Statistical_2025.pdf,95,0,574
Young_Statistical_2025.pdf::p96::c0,Young_Statistical_2025.pdf,96,0,866
Young_Statistical_2025.pdf::p97::c0,Young_Statistical_2025.pdf,97,0,674
Young_Statistical_2025.pdf::p98::c0,Young_Statistical_2025.pdf,98,0,707
Young_Statistical_2025.pdf::p99::c0,Young_Statistical_2025.pdf,99,0,710
Young_Statistical_2025.pdf::p100::c0,Young_Statistical_2025.pdf,100,0,687
Young_Statistical_2025.pdf::p100::c1,Young_Statistical_2025.pdf,100,1,724
Young_Statistical_2025.pdf::p101::c0,Young_Statistical_2025.pdf,101,0,899
Young_Statistical_2025.pdf::p101::c1,Young_Statistical_2025.pdf,101,1,174
Young_Statistical_2025.pdf::p102::c0,Young_Statistical_2025.pdf,102,0,309
Young_Statistical_2025.pdf::p103::c0,Young_Statistical_2025.pdf,103,0,896
Young_Statistical_2025.pdf::p103::c1,Young_Statistical_2025.pdf,103,1,285
Young_Statistical_2025.pdf::p103::c2,Young_Statistical_2025.pdf,103,2,229
Young_Statistical_2025.pdf::p104::c0,Young_Statistical_2025.pdf,104,0,894
Young_Statistical_2025.pdf::p105::c0,Young_Statistical_2025.pdf,105,0,882
Young_Statistical_2025.pdf::p105::c1,Young_Statistical_2025.pdf,105,1,443
Young_Statistical_2025.pdf::p106::c0,Young_Statistical_2025.pdf,106,0,442
Young_Statistical_2025.pdf::p107::c0,Young_Statistical_2025.pdf,107,0,708
Young_Statistical_2025.pdf::p108::c0,Young_Statistical_2025.pdf,108,0,650
Young_Statistical_2025.pdf::p109::c0,Young_Statistical_2025.pdf,109,0,734
Young_Statistical_2025.pdf::p110::c0,Young_Statistical_2025.pdf,110,0,886
Young_Statistical_2025.pdf::p110::c1,Young_Statistical_2025.pdf,110,1,392
Young_Statistical_2025.pdf::p111::c0,Young_Statistical_2025.pdf,111,0,840
Young_Statistical_2025.pdf::p112::c0,Young_Statistical_2025.pdf,112,0,893
Young_Statistical_2025.pdf::p112::c1,Young_Statistical_2025.pdf,112,1,437
Young_Statistical_2025.pdf::p113::c0,Young_Statistical_2025.pdf,113,0,638
Young_Statistical_2025.pdf::p114::c0,Young_Statistical_2025.pdf,114,0,864
Young_Statistical_2025.pdf::p114::c1,Young_Statistical_2025.pdf,114,1,196
Young_Statistical_2025.pdf::p115::c0,Young_Statistical_2025.pdf,115,0,793
Young_Statistical_2025.pdf::p116::c0,Young_Statistical_2025.pdf,116,0,899
Young_Statistical_2025.pdf::p116::c1,Young_Statistical_2025.pdf,116,1,159
Young_Statistical_2025.pdf::p117::c0,Young_Statistical_2025.pdf,117,0,425
Young_Statistical_2025.pdf::p118::c0,Young_Statistical_2025.pdf,118,0,895
Young_Statistical_2025.pdf::p118::c1,Young_Statistical_2025.pdf,118,1,191
Young_Statistical_2025.pdf::p119::c0,Young_Statistical_2025.pdf,119,0,399
Young_Statistical_2025.pdf::p120::c0,Young_Statistical_2025.pdf,120,0,894
Young_Statistical_2025.pdf::p120::c1,Young_Statistical_2025.pdf,120,1,223
Young_Statistical_2025.pdf::p121::c0,Young_Statistical_2025.pdf,121,0,766
Young_Statistical_2025.pdf::p122::c0,Young_Statistical_2025.pdf,122,0,821
Young_Statistical_2025.pdf::p123::c0,Young_Statistical_2025.pdf,123,0,324
Young_Statistical_2025.pdf::p124::c0,Young_Statistical_2025.pdf,124,0,872
Young_Statistical_2025.pdf::p124::c1,Young_Statistical_2025.pdf,124,1,262
Young_Statistical_2025.pdf::p125::c0,Young_Statistical_2025.pdf,125,0,879
Young_Statistical_2025.pdf::p126::c0,Young_Statistical_2025.pdf,126,0,880
Young_Statistical_2025.pdf::p126::c1,Young_Statistical_2025.pdf,126,1,438
Young_Statistical_2025.pdf::p127::c0,Young_Statistical_2025.pdf,127,0,898
Young_Statistical_2025.pdf::p127::c1,Young_Statistical_2025.pdf,127,1,182
Young_Statistical_2025.pdf::p128::c0,Young_Statistical_2025.pdf,128,0,596
Young_Statistical_2025.pdf::p129::c0,Young_Statistical_2025.pdf,129,0,897
Young_Statistical_2025.pdf::p129::c1,Young_Statistical_2025.pdf,129,1,203
Young_Statistical_2025.pdf::p130::c0,Young_Statistical_2025.pdf,130,0,389
Young_Statistical_2025.pdf::p131::c0,Young_Statistical_2025.pdf,131,0,855
Young_Statistical_2025.pdf::p132::c0,Young_Statistical_2025.pdf,132,0,619
Young_Statistical_2025.pdf::p133::c0,Young_Statistical_2025.pdf,133,0,617
Young_Statistical_2025.pdf::p134::c0,Young_Statistical_2025.pdf,134,0,852
Young_Statistical_2025.pdf::p135::c0,Young_Statistical_2025.pdf,135,0,900
Young_Statistical_2025.pdf::p135::c1,Young_Statistical_2025.pdf,135,1,260
Young_Statistical_2025.pdf::p136::c0,Young_Statistical_2025.pdf,136,0,709
Young_Statistical_2025.pdf::p137::c0,Young_Statistical_2025.pdf,137,0,787
Young_Statistical_2025.pdf::p138::c0,Young_Statistical_2025.pdf,138,0,895
Young_Statistical_2025.pdf::p138::c1,Young_Statistical_2025.pdf,138,1,221
Young_Statistical_2025.pdf::p139::c0,Young_Statistical_2025.pdf,139,0,618
Young_Statistical_2025.pdf::p140::c0,Young_Statistical_2025.pdf,140,0,896
Young_Statistical_2025.pdf::p140::c1,Young_Statistical_2025.pdf,140,1,882
Young_Statistical_2025.pdf::p140::c2,Young_Statistical_2025.pdf,140,2,327
Young_Statistical_2025.pdf::p141::c0,Young_Statistical_2025.pdf,141,0,899
Young_Statistical_2025.pdf::p141::c1,Young_Statistical_2025.pdf,141,1,892
Young_Statistical_2025.pdf::p141::c2,Young_Statistical_2025.pdf,141,2,231
Young_Statistical_2025.pdf::p142::c0,Young_Statistical_2025.pdf,142,0,887
Young_Statistical_2025.pdf::p142::c1,Young_Statistical_2025.pdf,142,1,896
Young_Statistical_2025.pdf::p142::c2,Young_Statistical_2025.pdf,142,2,232
Young_Statistical_2025.pdf::p143::c0,Young_Statistical_2025.pdf,143,0,895
Young_Statistical_2025.pdf::p143::c1,Young_Statistical_2025.pdf,143,1,231
Young_Statistical_2025.pdf::p143::c2,Young_Statistical_2025.pdf,143,2,815
Young_Statistical_2025.pdf::p144::c0,Young_Statistical_2025.pdf,144,0,464
Young_Statistical_2025.pdf::p144::c1,Young_Statistical_2025.pdf,144,1,745
Young_Statistical_2025.pdf::p145::c0,Young_Statistical_2025.pdf,145,0,888
Young_Statistical_2025.pdf::p145::c1,Young_Statistical_2025.pdf,145,1,400
Young_Statistical_2025.pdf::p146::c0,Young_Statistical_2025.pdf,146,0,893
Young_Statistical_2025.pdf::p146::c1,Young_Statistical_2025.pdf,146,1,423
Young_Statistical_2025.pdf::p147::c0,Young_Statistical_2025.pdf,147,0,896
Young_Statistical_2025.pdf::p147::c1,Young_Statistical_2025.pdf,147,1,372
Young_Statistical_2025.pdf::p148::c0,Young_Statistical_2025.pdf,148,0,894
Young_Statistical_2025.pdf::p148::c1,Young_Statistical_2025.pdf,148,1,372
Young_Statistical_2025.pdf::p149::c0,Young_Statistical_2025.pdf,149,0,895
Young_Statistical_2025.pdf::p149::c1,Young_Statistical_2025.pdf,149,1,524
Young_Statistical_2025.pdf::p150::c0,Young_Statistical_2025.pdf,150,0,617
Young_Statistical_2025.pdf::p150::c1,Young_Statistical_2025.pdf,150,1,593
Young_Statistical_2025.pdf::p150::c2,Young_Statistical_2025.pdf,150,2,666
Young_Statistical_2025.pdf::p151::c0,Young_Statistical_2025.pdf,151,0,592
Young_Statistical_2025.pdf::p151::c1,Young_Statistical_2025.pdf,151,1,612
Young_Statistical_2025.pdf::p151::c2,Young_Statistical_2025.pdf,151,2,878
Young_Statistical_2025.pdf::p152::c0,Young_Statistical_2025.pdf,152,0,509
Young_Statistical_2025.pdf::p152::c1,Young_Statistical_2025.pdf,152,1,730
Young_Statistical_2025.pdf::p152::c2,Young_Statistical_2025.pdf,152,2,887
Young_Statistical_2025.pdf::p153::c0,Young_Statistical_2025.pdf,153,0,586
Young_Statistical_2025.pdf::p153::c1,Young_Statistical_2025.pdf,153,1,599
Young_Statistical_2025.pdf::p153::c2,Young_Statistical_2025.pdf,153,2,597
Young_Statistical_2025.pdf::p153::c3,Young_Statistical_2025.pdf,153,3,572
Young_Statistical_2025.pdf::p154::c0,Young_Statistical_2025.pdf,154,0,863
Young_Statistical_2025.pdf::p154::c1,Young_Statistical_2025.pdf,154,1,773
Young_Statistical_2025.pdf::p154::c2,Young_Statistical_2025.pdf,154,2,371
Young_Statistical_2025.pdf::p155::c0,Young_Statistical_2025.pdf,155,0,824
Young_Statistical_2025.pdf::p156::c0,Young_Statistical_2025.pdf,156,0,808
Young_Statistical_2025.pdf::p157::c0,Young_Statistical_2025.pdf,157,0,544
Young_Statistical_2025.pdf::p157::c1,Young_Statistical_2025.pdf,157,1,425
Young_Statistical_2025.pdf::p158::c0,Young_Statistical_2025.pdf,158,0,890
Young_Statistical_2025.pdf::p158::c1,Young_Statistical_2025.pdf,158,1,462
Young_Statistical_2025.pdf::p159::c0,Young_Statistical_2025.pdf,159,0,697
Young_Statistical_2025.pdf::p159::c1,Young_Statistical_2025.pdf,159,1,539
Young_Statistical_2025.pdf::p160::c0,Young_Statistical_2025.pdf,160,0,758
Young_Statistical_2025.pdf::p161::c0,Young_Statistical_2025.pdf,161,0,380
Young_Statistical_2025.pdf::p162::c0,Young_Statistical_2025.pdf,162,0,807
Young_Statistical_2025.pdf::p162::c1,Young_Statistical_2025.pdf,162,1,308
Young_Statistical_2025.pdf::p163::c0,Young_Statistical_2025.pdf,163,0,556
Young_Statistical_2025.pdf::p164::c0,Young_Statistical_2025.pdf,164,0,690
Young_Statistical_2025.pdf::p165::c0,Young_Statistical_2025.pdf,165,0,882
Young_Statistical_2025.pdf::p165::c1,Young_Statistical_2025.pdf,165,1,211
Young_Statistical_2025.pdf::p166::c0,Young_Statistical_2025.pdf,166,0,883
Young_Statistical_2025.pdf::p166::c1,Young_Statistical_2025.pdf,166,1,180
Young_Statistical_2025.pdf::p167::c0,Young_Statistical_2025.pdf,167,0,766
Young_Statistical_2025.pdf::p168::c0,Young_Statistical_2025.pdf,168,0,555
Young_Statistical_2025.pdf::p169::c0,Young_Statistical_2025.pdf,169,0,825
Young_Statistical_2025.pdf::p169::c1,Young_Statistical_2025.pdf,169,1,231
Young_Statistical_2025.pdf::p170::c0,Young_Statistical_2025.pdf,170,0,606
Young_Statistical_2025.pdf::p171::c0,Young_Statistical_2025.pdf,171,0,575
Young_Statistical_2025.pdf::p172::c0,Young_Statistical_2025.pdf,172,0,359
Young_Statistical_2025.pdf::p173::c0,Young_Statistical_2025.pdf,173,0,900
Young_Statistical_2025.pdf::p173::c1,Young_Statistical_2025.pdf,173,1,383
Young_Statistical_2025.pdf::p174::c0,Young_Statistical_2025.pdf,174,0,896
Young_Statistical_2025.pdf::p174::c1,Young_Statistical_2025.pdf,174,1,319
Young_Statistical_2025.pdf::p175::c0,Young_Statistical_2025.pdf,175,0,849
Young_Statistical_2025.pdf::p176::c0,Young_Statistical_2025.pdf,176,0,822
Young_Statistical_2025.pdf::p177::c0,Young_Statistical_2025.pdf,177,0,900
Young_Statistical_2025.pdf::p178::c0,Young_Statistical_2025.pdf,178,0,862
Young_Statistical_2025.pdf::p178::c1,Young_Statistical_2025.pdf,178,1,630
Young_Statistical_2025.pdf::p179::c0,Young_Statistical_2025.pdf,179,0,878
Young_Statistical_2025.pdf::p179::c1,Young_Statistical_2025.pdf,179,1,895
Young_Statistical_2025.pdf::p179::c2,Young_Statistical_2025.pdf,179,2,183
Young_Statistical_2025.pdf::p180::c0,Young_Statistical_2025.pdf,180,0,897
Young_Statistical_2025.pdf::p180::c1,Young_Statistical_2025.pdf,180,1,366
Young_Statistical_2025.pdf::p181::c0,Young_Statistical_2025.pdf,181,0,897
Young_Statistical_2025.pdf::p181::c1,Young_Statistical_2025.pdf,181,1,445
Young_Statistical_2025.pdf::p182::c0,Young_Statistical_2025.pdf,182,0,898
Young_Statistical_2025.pdf::p182::c1,Young_Statistical_2025.pdf,182,1,362
Young_Statistical_2025.pdf::p183::c0,Young_Statistical_2025.pdf,183,0,900
Young_Statistical_2025.pdf::p183::c1,Young_Statistical_2025.pdf,183,1,498
Young_Statistical_2025.pdf::p184::c0,Young_Statistical_2025.pdf,184,0,899
Young_Statistical_2025.pdf::p184::c1,Young_Statistical_2025.pdf,184,1,610
Young_Statistical_2025.pdf::p185::c0,Young_Statistical_2025.pdf,185,0,882
Young_Statistical_2025.pdf::p185::c1,Young_Statistical_2025.pdf,185,1,595
Young_Statistical_2025.pdf::p186::c0,Young_Statistical_2025.pdf,186,0,892
Young_Statistical_2025.pdf::p186::c1,Young_Statistical_2025.pdf,186,1,272
Young_Statistical_2025.pdf::p187::c0,Young_Statistical_2025.pdf,187,0,883
Young_Statistical_2025.pdf::p187::c1,Young_Statistical_2025.pdf,187,1,724
Young_Statistical_2025.pdf::p188::c0,Young_Statistical_2025.pdf,188,0,748
Young_Statistical_2025.pdf::p189::c0,Young_Statistical_2025.pdf,189,0,897
Young_Statistical_2025.pdf::p189::c1,Young_Statistical_2025.pdf,189,1,894
Young_Statistical_2025.pdf::p189::c2,Young_Statistical_2025.pdf,189,2,286
Young_Statistical_2025.pdf::p190::c0,Young_Statistical_2025.pdf,190,0,873
Young_Statistical_2025.pdf::p190::c1,Young_Statistical_2025.pdf,190,1,898
Young_Statistical_2025.pdf::p190::c2,Young_Statistical_2025.pdf,190,2,383
Young_Statistical_2025.pdf::p191::c0,Young_Statistical_2025.pdf,191,0,871
Young_Statistical_2025.pdf::p191::c1,Young_Statistical_2025.pdf,191,1,714
Young_Statistical_2025.pdf::p192::c0,Young_Statistical_2025.pdf,192,0,898
Young_Statistical_2025.pdf::p192::c1,Young_Statistical_2025.pdf,192,1,698
Young_Statistical_2025.pdf::p193::c0,Young_Statistical_2025.pdf,193,0,890
Young_Statistical_2025.pdf::p193::c1,Young_Statistical_2025.pdf,193,1,669
Young_Statistical_2025.pdf::p194::c0,Young_Statistical_2025.pdf,194,0,896
Young_Statistical_2025.pdf::p194::c1,Young_Statistical_2025.pdf,194,1,684
Young_Statistical_2025.pdf::p195::c0,Young_Statistical_2025.pdf,195,0,836
Young_Statistical_2025.pdf::p196::c0,Young_Statistical_2025.pdf,196,0,900
Young_Statistical_2025.pdf::p196::c1,Young_Statistical_2025.pdf,196,1,295
Young_Statistical_2025.pdf::p197::c0,Young_Statistical_2025.pdf,197,0,749
Young_Statistical_2025.pdf::p198::c0,Young_Statistical_2025.pdf,198,0,786
Young_Statistical_2025.pdf::p199::c0,Young_Statistical_2025.pdf,199,0,898
Young_Statistical_2025.pdf::p199::c1,Young_Statistical_2025.pdf,199,1,628
Young_Statistical_2025.pdf::p200::c0,Young_Statistical_2025.pdf,200,0,821
Young_Statistical_2025.pdf::p201::c0,Young_Statistical_2025.pdf,201,0,897
Young_Statistical_2025.pdf::p201::c1,Young_Statistical_2025.pdf,201,1,520
Young_Statistical_2025.pdf::p202::c0,Young_Statistical_2025.pdf,202,0,899
Young_Statistical_2025.pdf::p202::c1,Young_Statistical_2025.pdf,202,1,626
Young_Statistical_2025.pdf::p203::c0,Young_Statistical_2025.pdf,203,0,896
Young_Statistical_2025.pdf::p203::c1,Young_Statistical_2025.pdf,203,1,271
Young_Statistical_2025.pdf::p204::c0,Young_Statistical_2025.pdf,204,0,900
Young_Statistical_2025.pdf::p204::c1,Young_Statistical_2025.pdf,204,1,236
Young_Statistical_2025.pdf::p205::c0,Young_Statistical_2025.pdf,205,0,655
Young_Statistical_2025.pdf::p206::c0,Young_Statistical_2025.pdf,206,0,900
Young_Statistical_2025.pdf::p206::c1,Young_Statistical_2025.pdf,206,1,528
Young_Statistical_2025.pdf::p207::c0,Young_Statistical_2025.pdf,207,0,899
Young_Statistical_2025.pdf::p207::c1,Young_Statistical_2025.pdf,207,1,386
Young_Statistical_2025.pdf::p208::c0,Young_Statistical_2025.pdf,208,0,865
Young_Statistical_2025.pdf::p208::c1,Young_Statistical_2025.pdf,208,1,513
Young_Statistical_2025.pdf::p209::c0,Young_Statistical_2025.pdf,209,0,886
Young_Statistical_2025.pdf::p209::c1,Young_Statistical_2025.pdf,209,1,556
Young_Statistical_2025.pdf::p210::c0,Young_Statistical_2025.pdf,210,0,896
Young_Statistical_2025.pdf::p210::c1,Young_Statistical_2025.pdf,210,1,482
Young_Statistical_2025.pdf::p211::c0,Young_Statistical_2025.pdf,211,0,893
Young_Statistical_2025.pdf::p211::c1,Young_Statistical_2025.pdf,211,1,652
Young_Statistical_2025.pdf::p212::c0,Young_Statistical_2025.pdf,212,0,587
Young_Statistical_2025.pdf::p213::c0,Young_Statistical_2025.pdf,213,0,852
Young_Statistical_2025.pdf::p213::c1,Young_Statistical_2025.pdf,213,1,659
Young_Statistical_2025.pdf::p214::c0,Young_Statistical_2025.pdf,214,0,763
Young_Statistical_2025.pdf::p215::c0,Young_Statistical_2025.pdf,215,0,889
Young_Statistical_2025.pdf::p215::c1,Young_Statistical_2025.pdf,215,1,395
Young_Statistical_2025.pdf::p216::c0,Young_Statistical_2025.pdf,216,0,774
Young_Statistical_2025.pdf::p217::c0,Young_Statistical_2025.pdf,217,0,873
Young_Statistical_2025.pdf::p217::c1,Young_Statistical_2025.pdf,217,1,552
Young_Statistical_2025.pdf::p218::c0,Young_Statistical_2025.pdf,218,0,893
Young_Statistical_2025.pdf::p218::c1,Young_Statistical_2025.pdf,218,1,258
Young_Statistical_2025.pdf::p219::c0,Young_Statistical_2025.pdf,219,0,891
Young_Statistical_2025.pdf::p219::c1,Young_Statistical_2025.pdf,219,1,186
Young_Statistical_2025.pdf::p220::c0,Young_Statistical_2025.pdf,220,0,827
Young_Statistical_2025.pdf::p221::c0,Young_Statistical_2025.pdf,221,0,900
Young_Statistical_2025.pdf::p221::c1,Young_Statistical_2025.pdf,221,1,170
Young_Statistical_2025.pdf::p222::c0,Young_Statistical_2025.pdf,222,0,897
Young_Statistical_2025.pdf::p222::c1,Young_Statistical_2025.pdf,222,1,200
Young_Statistical_2025.pdf::p223::c0,Young_Statistical_2025.pdf,223,0,764
Young_Statistical_2025.pdf::p224::c0,Young_Statistical_2025.pdf,224,0,294
Young_Statistical_2025.pdf::p225::c0,Young_Statistical_2025.pdf,225,0,873
Young_Statistical_2025.pdf::p225::c1,Young_Statistical_2025.pdf,225,1,553
Young_Statistical_2025.pdf::p226::c0,Young_Statistical_2025.pdf,226,0,709
Young_Statistical_2025.pdf::p227::c0,Young_Statistical_2025.pdf,227,0,894
Young_Statistical_2025.pdf::p227::c1,Young_Statistical_2025.pdf,227,1,228
Young_Statistical_2025.pdf::p228::c0,Young_Statistical_2025.pdf,228,0,507
Young_Statistical_2025.pdf::p229::c0,Young_Statistical_2025.pdf,229,0,900
Young_Statistical_2025.pdf::p229::c1,Young_Statistical_2025.pdf,229,1,515
Young_Statistical_2025.pdf::p230::c0,Young_Statistical_2025.pdf,230,0,769
Young_Statistical_2025.pdf::p231::c0,Young_Statistical_2025.pdf,231,0,898
Young_Statistical_2025.pdf::p231::c1,Young_Statistical_2025.pdf,231,1,450
Young_Statistical_2025.pdf::p232::c0,Young_Statistical_2025.pdf,232,0,880
Young_Statistical_2025.pdf::p232::c1,Young_Statistical_2025.pdf,232,1,437
Young_Statistical_2025.pdf::p233::c0,Young_Statistical_2025.pdf,233,0,634
Young_Statistical_2025.pdf::p234::c0,Young_Statistical_2025.pdf,234,0,872
Young_Statistical_2025.pdf::p234::c1,Young_Statistical_2025.pdf,234,1,512
Young_Statistical_2025.pdf::p235::c0,Young_Statistical_2025.pdf,235,0,688
Young_Statistical_2025.pdf::p236::c0,Young_Statistical_2025.pdf,236,0,897
Young_Statistical_2025.pdf::p236::c1,Young_Statistical_2025.pdf,236,1,189
Young_Statistical_2025.pdf::p237::c0,Young_Statistical_2025.pdf,237,0,536
Young_Statistical_2025.pdf::p238::c0,Young_Statistical_2025.pdf,238,0,899
Young_Statistical_2025.pdf::p238::c1,Young_Statistical_2025.pdf,238,1,483
Young_Statistical_2025.pdf::p239::c0,Young_Statistical_2025.pdf,239,0,796
Young_Statistical_2025.pdf::p240::c0,Young_Statistical_2025.pdf,240,0,868
Young_Statistical_2025.pdf::p240::c1,Young_Statistical_2025.pdf,240,1,778
Young_Statistical_2025.pdf::p241::c0,Young_Statistical_2025.pdf,241,0,861
Young_Statistical_2025.pdf::p242::c0,Young_Statistical_2025.pdf,242,0,626
Young_Statistical_2025.pdf::p243::c0,Young_Statistical_2025.pdf,243,0,879
Young_Statistical_2025.pdf::p243::c1,Young_Statistical_2025.pdf,243,1,157
Young_Statistical_2025.pdf::p244::c0,Young_Statistical_2025.pdf,244,0,600
Young_Statistical_2025.pdf::p245::c0,Young_Statistical_2025.pdf,245,0,892
Young_Statistical_2025.pdf::p245::c1,Young_Statistical_2025.pdf,245,1,413
Young_Statistical_2025.pdf::p246::c0,Young_Statistical_2025.pdf,246,0,887
Young_Statistical_2025.pdf::p246::c1,Young_Statistical_2025.pdf,246,1,160
Young_Statistical_2025.pdf::p247::c0,Young_Statistical_2025.pdf,247,0,736
Young_Statistical_2025.pdf::p248::c0,Young_Statistical_2025.pdf,248,0,871
Young_Statistical_2025.pdf::p248::c1,Young_Statistical_2025.pdf,248,1,269
Young_Statistical_2025.pdf::p249::c0,Young_Statistical_2025.pdf,249,0,778
Young_Statistical_2025.pdf::p250::c0,Young_Statistical_2025.pdf,250,0,900
Young_Statistical_2025.pdf::p250::c1,Young_Statistical_2025.pdf,250,1,672
Young_Statistical_2025.pdf::p251::c0,Young_Statistical_2025.pdf,251,0,895
Young_Statistical_2025.pdf::p251::c1,Young_Statistical_2025.pdf,251,1,472
Young_Statistical_2025.pdf::p252::c0,Young_Statistical_2025.pdf,252,0,892
Young_Statistical_2025.pdf::p252::c1,Young_Statistical_2025.pdf,252,1,636
Young_Statistical_2025.pdf::p253::c0,Young_Statistical_2025.pdf,253,0,896
Young_Statistical_2025.pdf::p253::c1,Young_Statistical_2025.pdf,253,1,749
Young_Statistical_2025.pdf::p254::c0,Young_Statistical_2025.pdf,254,0,894
Young_Statistical_2025.pdf::p254::c1,Young_Statistical_2025.pdf,254,1,279
Young_Statistical_2025.pdf::p255::c0,Young_Statistical_2025.pdf,255,0,888
Young_Statistical_2025.pdf::p255::c1,Young_Statistical_2025.pdf,255,1,362
Young_Statistical_2025.pdf::p256::c0,Young_Statistical_2025.pdf,256,0,882
Young_Statistical_2025.pdf::p256::c1,Young_Statistical_2025.pdf,256,1,444
Young_Statistical_2025.pdf::p257::c0,Young_Statistical_2025.pdf,257,0,897
Young_Statistical_2025.pdf::p257::c1,Young_Statistical_2025.pdf,257,1,300
Young_Statistical_2025.pdf::p258::c0,Young_Statistical_2025.pdf,258,0,778
Young_Statistical_2025.pdf::p259::c0,Young_Statistical_2025.pdf,259,0,890
Young_Statistical_2025.pdf::p259::c1,Young_Statistical_2025.pdf,259,1,421
Young_Statistical_2025.pdf::p260::c0,Young_Statistical_2025.pdf,260,0,347
Young_Statistical_2025.pdf::p261::c0,Young_Statistical_2025.pdf,261,0,897
Young_Statistical_2025.pdf::p261::c1,Young_Statistical_2025.pdf,261,1,333
Young_Statistical_2025.pdf::p262::c0,Young_Statistical_2025.pdf,262,0,880
Young_Statistical_2025.pdf::p263::c0,Young_Statistical_2025.pdf,263,0,883
Young_Statistical_2025.pdf::p263::c1,Young_Statistical_2025.pdf,263,1,426
Young_Statistical_2025.pdf::p264::c0,Young_Statistical_2025.pdf,264,0,894
Young_Statistical_2025.pdf::p264::c1,Young_Statistical_2025.pdf,264,1,180
Young_Statistical_2025.pdf::p265::c0,Young_Statistical_2025.pdf,265,0,817
Young_Statistical_2025.pdf::p266::c0,Young_Statistical_2025.pdf,266,0,889
Young_Statistical_2025.pdf::p266::c1,Young_Statistical_2025.pdf,266,1,301
Young_Statistical_2025.pdf::p267::c0,Young_Statistical_2025.pdf,267,0,897
Young_Statistical_2025.pdf::p268::c0,Young_Statistical_2025.pdf,268,0,888
Young_Statistical_2025.pdf::p268::c1,Young_Statistical_2025.pdf,268,1,232
Young_Statistical_2025.pdf::p269::c0,Young_Statistical_2025.pdf,269,0,668
Young_Statistical_2025.pdf::p270::c0,Young_Statistical_2025.pdf,270,0,456
Young_Statistical_2025.pdf::p271::c0,Young_Statistical_2025.pdf,271,0,900
Young_Statistical_2025.pdf::p271::c1,Young_Statistical_2025.pdf,271,1,546
Young_Statistical_2025.pdf::p272::c0,Young_Statistical_2025.pdf,272,0,784
Young_Statistical_2025.pdf::p273::c0,Young_Statistical_2025.pdf,273,0,649
Young_Statistical_2025.pdf::p274::c0,Young_Statistical_2025.pdf,274,0,622
Young_Statistical_2025.pdf::p275::c0,Young_Statistical_2025.pdf,275,0,886
Young_Statistical_2025.pdf::p275::c1,Young_Statistical_2025.pdf,275,1,259
Young_Statistical_2025.pdf::p276::c0,Young_Statistical_2025.pdf,276,0,827
Young_Statistical_2025.pdf::p277::c0,Young_Statistical_2025.pdf,277,0,724
Young_Statistical_2025.pdf::p278::c0,Young_Statistical_2025.pdf,278,0,886
Young_Statistical_2025.pdf::p279::c0,Young_Statistical_2025.pdf,279,0,881
Young_Statistical_2025.pdf::p279::c1,Young_Statistical_2025.pdf,279,1,141
Young_Statistical_2025.pdf::p280::c0,Young_Statistical_2025.pdf,280,0,896
Young_Statistical_2025.pdf::p280::c1,Young_Statistical_2025.pdf,280,1,192
Young_Statistical_2025.pdf::p281::c0,Young_Statistical_2025.pdf,281,0,896
Young_Statistical_2025.pdf::p281::c1,Young_Statistical_2025.pdf,281,1,358
Young_Statistical_2025.pdf::p282::c0,Young_Statistical_2025.pdf,282,0,900
Young_Statistical_2025.pdf::p282::c1,Young_Statistical_2025.pdf,282,1,213
Young_Statistical_2025.pdf::p283::c0,Young_Statistical_2025.pdf,283,0,898
Young_Statistical_2025.pdf::p283::c1,Young_Statistical_2025.pdf,283,1,345
Young_Statistical_2025.pdf::p284::c0,Young_Statistical_2025.pdf,284,0,230
Young_Statistical_2025.pdf::p285::c0,Young_Statistical_2025.pdf,285,0,893
Young_Statistical_2025.pdf::p285::c1,Young_Statistical_2025.pdf,285,1,434
Young_Statistical_2025.pdf::p285::c2,Young_Statistical_2025.pdf,285,2,837
Young_Statistical_2025.pdf::p286::c0,Young_Statistical_2025.pdf,286,0,815
Young_Statistical_2025.pdf::p286::c1,Young_Statistical_2025.pdf,286,1,764
Young_Statistical_2025.pdf::p286::c2,Young_Statistical_2025.pdf,286,2,853
Young_Statistical_2025.pdf::p287::c0,Young_Statistical_2025.pdf,287,0,603
Young_Statistical_2025.pdf::p288::c0,Young_Statistical_2025.pdf,288,0,840
Young_Statistical_2025.pdf::p289::c0,Young_Statistical_2025.pdf,289,0,790
Young_Statistical_2025.pdf::p289::c1,Young_Statistical_2025.pdf,289,1,703
Young_Statistical_2025.pdf::p290::c0,Young_Statistical_2025.pdf,290,0,895
Young_Statistical_2025.pdf::p291::c0,Young_Statistical_2025.pdf,291,0,680
Young_Statistical_2025.pdf::p291::c1,Young_Statistical_2025.pdf,291,1,488
Young_Statistical_2025.pdf::p292::c0,Young_Statistical_2025.pdf,292,0,265
Young_Statistical_2025.pdf::p292::c1,Young_Statistical_2025.pdf,292,1,853
Young_Statistical_2025.pdf::p293::c0,Young_Statistical_2025.pdf,293,0,790
Young_Statistical_2025.pdf::p293::c1,Young_Statistical_2025.pdf,293,1,382
Young_Statistical_2025.pdf::p294::c0,Young_Statistical_2025.pdf,294,0,871
Young_Statistical_2025.pdf::p295::c0,Young_Statistical_2025.pdf,295,0,519
Young_Statistical_2025.pdf::p296::c0,Young_Statistical_2025.pdf,296,0,614
Young_Statistical_2025.pdf::p297::c0,Young_Statistical_2025.pdf,297,0,612
Young_Statistical_2025.pdf::p298::c0,Young_Statistical_2025.pdf,298,0,864
Young_Statistical_2025.pdf::p298::c1,Young_Statistical_2025.pdf,298,1,263
Young_Statistical_2025.pdf::p299::c0,Young_Statistical_2025.pdf,299,0,884
Young_Statistical_2025.pdf::p299::c1,Young_Statistical_2025.pdf,299,1,386
Young_Statistical_2025.pdf::p300::c0,Young_Statistical_2025.pdf,300,0,875
Young_Statistical_2025.pdf::p300::c1,Young_Statistical_2025.pdf,300,1,225
Young_Statistical_2025.pdf::p301::c0,Young_Statistical_2025.pdf,301,0,900
Young_Statistical_2025.pdf::p301::c1,Young_Statistical_2025.pdf,301,1,289
Young_Statistical_2025.pdf::p302::c0,Young_Statistical_2025.pdf,302,0,898
Young_Statistical_2025.pdf::p302::c1,Young_Statistical_2025.pdf,302,1,299
Young_Statistical_2025.pdf::p303::c0,Young_Statistical_2025.pdf,303,0,866
Young_Statistical_2025.pdf::p304::c0,Young_Statistical_2025.pdf,304,0,718
Young_Statistical_2025.pdf::p305::c0,Young_Statistical_2025.pdf,305,0,814
Young_Statistical_2025.pdf::p306::c0,Young_Statistical_2025.pdf,306,0,708
Young_Statistical_2025.pdf::p307::c0,Young_Statistical_2025.pdf,307,0,550
Young_Statistical_2025.pdf::p308::c0,Young_Statistical_2025.pdf,308,0,900
Young_Statistical_2025.pdf::p308::c1,Young_Statistical_2025.pdf,308,1,153
Young_Statistical_2025.pdf::p309::c0,Young_Statistical_2025.pdf,309,0,741
Young_Statistical_2025.pdf::p310::c0,Young_Statistical_2025.pdf,310,0,498
Young_Statistical_2025.pdf::p311::c0,Young_Statistical_2025.pdf,311,0,728
Young_Statistical_2025.pdf::p312::c0,Young_Statistical_2025.pdf,312,0,553
Young_Statistical_2025.pdf::p313::c0,Young_Statistical_2025.pdf,313,0,506
Young_Statistical_2025.pdf::p314::c0,Young_Statistical_2025.pdf,314,0,246
Young_Statistical_2025.pdf::p315::c0,Young_Statistical_2025.pdf,315,0,897
Young_Statistical_2025.pdf::p315::c1,Young_Statistical_2025.pdf,315,1,170
Young_Statistical_2025.pdf::p316::c0,Young_Statistical_2025.pdf,316,0,328
Young_Statistical_2025.pdf::p317::c0,Young_Statistical_2025.pdf,317,0,892
Young_Statistical_2025.pdf::p317::c1,Young_Statistical_2025.pdf,317,1,300
Young_Statistical_2025.pdf::p318::c0,Young_Statistical_2025.pdf,318,0,833
Young_Statistical_2025.pdf::p319::c0,Young_Statistical_2025.pdf,319,0,685
Young_Statistical_2025.pdf::p320::c0,Young_Statistical_2025.pdf,320,0,578
Young_Statistical_2025.pdf::p321::c0,Young_Statistical_2025.pdf,321,0,899
Young_Statistical_2025.pdf::p321::c1,Young_Statistical_2025.pdf,321,1,203
Young_Statistical_2025.pdf::p322::c0,Young_Statistical_2025.pdf,322,0,881
Young_Statistical_2025.pdf::p322::c1,Young_Statistical_2025.pdf,322,1,248
Young_Statistical_2025.pdf::p323::c0,Young_Statistical_2025.pdf,323,0,896
Young_Statistical_2025.pdf::p323::c1,Young_Statistical_2025.pdf,323,1,285
Young_Statistical_2025.pdf::p324::c0,Young_Statistical_2025.pdf,324,0,886
Young_Statistical_2025.pdf::p325::c0,Young_Statistical_2025.pdf,325,0,806
Young_Statistical_2025.pdf::p326::c0,Young_Statistical_2025.pdf,326,0,463
Young_Statistical_2025.pdf::p327::c0,Young_Statistical_2025.pdf,327,0,762
Young_Statistical_2025.pdf::p328::c0,Young_Statistical_2025.pdf,328,0,520
Young_Statistical_2025.pdf::p329::c0,Young_Statistical_2025.pdf,329,0,891
Young_Statistical_2025.pdf::p329::c1,Young_Statistical_2025.pdf,329,1,382
Young_Statistical_2025.pdf::p330::c0,Young_Statistical_2025.pdf,330,0,692
Young_Statistical_2025.pdf::p331::c0,Young_Statistical_2025.pdf,331,0,899
Young_Statistical_2025.pdf::p331::c1,Young_Statistical_2025.pdf,331,1,411
Young_Statistical_2025.pdf::p332::c0,Young_Statistical_2025.pdf,332,0,839
Young_Statistical_2025.pdf::p333::c0,Young_Statistical_2025.pdf,333,0,898
Young_Statistical_2025.pdf::p333::c1,Young_Statistical_2025.pdf,333,1,249
Young_Statistical_2025.pdf::p334::c0,Young_Statistical_2025.pdf,334,0,897
Young_Statistical_2025.pdf::p334::c1,Young_Statistical_2025.pdf,334,1,452
Young_Statistical_2025.pdf::p335::c0,Young_Statistical_2025.pdf,335,0,886
Young_Statistical_2025.pdf::p335::c1,Young_Statistical_2025.pdf,335,1,555
Young_Statistical_2025.pdf::p336::c0,Young_Statistical_2025.pdf,336,0,898
Young_Statistical_2025.pdf::p336::c1,Young_Statistical_2025.pdf,336,1,407
Young_Statistical_2025.pdf::p337::c0,Young_Statistical_2025.pdf,337,0,686
Young_Statistical_2025.pdf::p338::c0,Young_Statistical_2025.pdf,338,0,765
Young_Statistical_2025.pdf::p338::c1,Young_Statistical_2025.pdf,338,1,727
Young_Statistical_2025.pdf::p338::c2,Young_Statistical_2025.pdf,338,2,484
Young_Statistical_2025.pdf::p339::c0,Young_Statistical_2025.pdf,339,0,782
Young_Statistical_2025.pdf::p340::c0,Young_Statistical_2025.pdf,340,0,807
Young_Statistical_2025.pdf::p341::c0,Young_Statistical_2025.pdf,341,0,895
Young_Statistical_2025.pdf::p341::c1,Young_Statistical_2025.pdf,341,1,172
Young_Statistical_2025.pdf::p342::c0,Young_Statistical_2025.pdf,342,0,756
Young_Statistical_2025.pdf::p343::c0,Young_Statistical_2025.pdf,343,0,282
Young_Statistical_2025.pdf::p344::c0,Young_Statistical_2025.pdf,344,0,760
Young_Statistical_2025.pdf::p344::c1,Young_Statistical_2025.pdf,344,1,842
Young_Statistical_2025.pdf::p344::c2,Young_Statistical_2025.pdf,344,2,393
Young_Statistical_2025.pdf::p345::c0,Young_Statistical_2025.pdf,345,0,279
Young_Statistical_2025.pdf::p346::c0,Young_Statistical_2025.pdf,346,0,668
Young_Statistical_2025.pdf::p347::c0,Young_Statistical_2025.pdf,347,0,784
Young_Statistical_2025.pdf::p348::c0,Young_Statistical_2025.pdf,348,0,725
Young_Statistical_2025.pdf::p349::c0,Young_Statistical_2025.pdf,349,0,756
Young_Statistical_2025.pdf::p350::c0,Young_Statistical_2025.pdf,350,0,767
Young_Statistical_2025.pdf::p351::c0,Young_Statistical_2025.pdf,351,0,718
Young_Statistical_2025.pdf::p352::c0,Young_Statistical_2025.pdf,352,0,687
Young_Statistical_2025.pdf::p353::c0,Young_Statistical_2025.pdf,353,0,736
Young_Statistical_2025.pdf::p354::c0,Young_Statistical_2025.pdf,354,0,733
Young_Statistical_2025.pdf::p355::c0,Young_Statistical_2025.pdf,355,0,727
Young_Statistical_2025.pdf::p356::c0,Young_Statistical_2025.pdf,356,0,793
Young_Statistical_2025.pdf::p357::c0,Young_Statistical_2025.pdf,357,0,754
Young_Statistical_2025.pdf::p358::c0,Young_Statistical_2025.pdf,358,0,875
Young_Statistical_2025.pdf::p358::c1,Young_Statistical_2025.pdf,358,1,426
Young_Statistical_2025.pdf::p359::c0,Young_Statistical_2025.pdf,359,0,896
Young_Statistical_2025.pdf::p359::c1,Young_Statistical_2025.pdf,359,1,226
Young_Statistical_2025.pdf::p360::c0,Young_Statistical_2025.pdf,360,0,179
Young_Statistical_2025.pdf::p360::c1,Young_Statistical_2025.pdf,360,1,879
Young_Statistical_2025.pdf::p360::c2,Young_Statistical_2025.pdf,360,2,169
Young_Statistical_2025.pdf::p361::c0,Young_Statistical_2025.pdf,361,0,846
Young_Statistical_2025.pdf::p361::c1,Young_Statistical_2025.pdf,361,1,342
Young_Statistical_2025.pdf::p362::c0,Young_Statistical_2025.pdf,362,0,631
Young_Statistical_2025.pdf::p363::c0,Young_Statistical_2025.pdf,363,0,833
Young_Statistical_2025.pdf::p363::c1,Young_Statistical_2025.pdf,363,1,151
Young_Statistical_2025.pdf::p364::c0,Young_Statistical_2025.pdf,364,0,770
Young_Statistical_2025.pdf::p365::c0,Young_Statistical_2025.pdf,365,0,663
Young_Statistical_2025.pdf::p366::c0,Young_Statistical_2025.pdf,366,0,620
Young_Statistical_2025.pdf::p367::c0,Young_Statistical_2025.pdf,367,0,898
Young_Statistical_2025.pdf::p367::c1,Young_Statistical_2025.pdf,367,1,303
Young_Statistical_2025.pdf::p368::c0,Young_Statistical_2025.pdf,368,0,523
Young_Statistical_2025.pdf::p369::c0,Young_Statistical_2025.pdf,369,0,891
Young_Statistical_2025.pdf::p369::c1,Young_Statistical_2025.pdf,369,1,314
Young_Statistical_2025.pdf::p370::c0,Young_Statistical_2025.pdf,370,0,899
Young_Statistical_2025.pdf::p370::c1,Young_Statistical_2025.pdf,370,1,251
Young_Statistical_2025.pdf::p371::c0,Young_Statistical_2025.pdf,371,0,886
Young_Statistical_2025.pdf::p371::c1,Young_Statistical_2025.pdf,371,1,279
Young_Statistical_2025.pdf::p372::c0,Young_Statistical_2025.pdf,372,0,897
Young_Statistical_2025.pdf::p372::c1,Young_Statistical_2025.pdf,372,1,242
Young_Statistical_2025.pdf::p373::c0,Young_Statistical_2025.pdf,373,0,900
Young_Statistical_2025.pdf::p373::c1,Young_Statistical_2025.pdf,373,1,258
Young_Statistical_2025.pdf::p374::c0,Young_Statistical_2025.pdf,374,0,895
Young_Statistical_2025.pdf::p374::c1,Young_Statistical_2025.pdf,374,1,230
Young_Statistical_2025.pdf::p375::c0,Young_Statistical_2025.pdf,375,0,638
Young_Statistical_2025.pdf::p376::c0,Young_Statistical_2025.pdf,376,0,879
Young_Statistical_2025.pdf::p376::c1,Young_Statistical_2025.pdf,376,1,294
Young_Statistical_2025.pdf::p377::c0,Young_Statistical_2025.pdf,377,0,891
Young_Statistical_2025.pdf::p377::c1,Young_Statistical_2025.pdf,377,1,276
Young_Statistical_2025.pdf::p378::c0,Young_Statistical_2025.pdf,378,0,886
Young_Statistical_2025.pdf::p378::c1,Young_Statistical_2025.pdf,378,1,472
Young_Statistical_2025.pdf::p379::c0,Young_Statistical_2025.pdf,379,0,895
Young_Statistical_2025.pdf::p379::c1,Young_Statistical_2025.pdf,379,1,273
Young_Statistical_2025.pdf::p380::c0,Young_Statistical_2025.pdf,380,0,892
Young_Statistical_2025.pdf::p380::c1,Young_Statistical_2025.pdf,380,1,359
Young_Statistical_2025.pdf::p381::c0,Young_Statistical_2025.pdf,381,0,897
Young_Statistical_2025.pdf::p381::c1,Young_Statistical_2025.pdf,381,1,185
Young_Statistical_2025.pdf::p382::c0,Young_Statistical_2025.pdf,382,0,864
Young_Statistical_2025.pdf::p382::c1,Young_Statistical_2025.pdf,382,1,482
Young_Statistical_2025.pdf::p383::c0,Young_Statistical_2025.pdf,383,0,851
Young_Statistical_2025.pdf::p383::c1,Young_Statistical_2025.pdf,383,1,352
Young_Statistical_2025.pdf::p384::c0,Young_Statistical_2025.pdf,384,0,834
Young_Statistical_2025.pdf::p384::c1,Young_Statistical_2025.pdf,384,1,196
Young_Statistical_2025.pdf::p385::c0,Young_Statistical_2025.pdf,385,0,816
Young_Statistical_2025.pdf::p385::c1,Young_Statistical_2025.pdf,385,1,496
Young_Statistical_2025.pdf::p386::c0,Young_Statistical_2025.pdf,386,0,871
Young_Statistical_2025.pdf::p387::c0,Young_Statistical_2025.pdf,387,0,781
Young_Statistical_2025.pdf::p389::c0,Young_Statistical_2025.pdf,389,0,749
Young_Statistical_2025.pdf::p390::c0,Young_Statistical_2025.pdf,390,0,879
Young_Statistical_2025.pdf::p391::c0,Young_Statistical_2025.pdf,391,0,580
Young_Statistical_2025.pdf::p392::c0,Young_Statistical_2025.pdf,392,0,359
